,Subject,Catalog Number,Course Title,Course Type,Description,Keywords,Grading,Prerequisites
1,AIPI - AI for Product Innovation,501,AIPI Seminar,FALL-SPRNG,Current topics in AI for Product Innovation. Seminars provide students opportunities to learn from industry leaders. Weekly sessions foster community and the development of a peer network within the cohort.,"AI, Product Innovation, Seminars, Industry leaders, Peer network",Credit / No Credit,
2,AIPI - AI for Product Innovation,504,Introductory Residency,FALL,"One week course to introduce the Master of Engineering in AI for Product Innovation Online Program. Residency 1 includes an orientation to Duke and the program, case studies, professional development workshops and alumni engagement opportunities. Prerequisite: Enrollment in the Master of Engineering in AI for Product Innovation Online Program.","Master of Engineering, AI for Product Innovation, Online Program, Professional development, Alumni engagement",Graded,
3,AIPI - AI for Product Innovation,510,Sourcing Data for Analytics,FALL,"Course introduces students to the technical and non-technical aspects of collecting, cleaning and preparing data for use in machine learning applications. Technical aspects covered will include the types of data, methods of sourcing data via the web, APIs and from domain-specific sensors and hardware, an increasingly common source of analytics data in technical industries. The course also introduces methods and tools for evaluating the quality of data, performing basic exploratory data analysis, and pre-processing data for use in analytics. Non-technical aspects covered include an introduction to data privacy, GDPR, regulatory issues, bias and industry-specific concerns regarding data usage.","Data privacy, GDPR, Machine learning, Data analysis, Technical industries",Graded,
4,AIPI - AI for Product Innovation,520,Modeling Process and Algorithms,FALL-SPRNG,"This course is an introduction to the modeling process and best practices in model creation, interpretation, validation, and selection of models for different uses. The primary machine learning algorithms, both supervised and unsupervised, are introduced and explained with the necessary level of mathematical theory to establish students' intuition for how each algorithm works. At the end of this course, students should have a solid understanding of the end-to-end modeling process and the different types of model algorithms along with the strengths, weaknesses, assumptions, and use cases for each type.","Modeling process, Machine learning algorithms, Model validation, Mathematical theory, Algorithm intuition",Graded,
5,AIPI - AI for Product Innovation,530,Optimization in Practice,FALL,"Optimization is the ultimate skill in artificial intelligence and prescriptive analytics allowing practitioners to generate the best actionable solutions for business needs. This class will give students required skills to mathematically formulate relevant business problems as optimization models, use leading software modeling syntax and solvers to generate optimum solutions and meaningfully interpret these solutions. We will use both SAS/Optmodel and Python/Pyomo to give student experience with proprietary and open-source optimization software. Focus will be on problem formulation and results interpretation.","Optimization, Artificial intelligence, Prescriptive analytics, SAS/Optmodel, Python/Pyomo",Graded,Corequisite: AIPI 510 and 520
6,AIPI - AI for Product Innovation,531,Deep Reinforcement Learning Applications,FALL,"Deep Reinforce. Learning Appl. will cover advanced sequential decision-making topics in AI and will consist of two parts 1) deep reinforce. learning theory and 2) deep reinforce. learning applications. Deep reinforce. learning combines reinforce. learning and deep learning. The theory module will introduce students to major deep reinforce. learning algorithms, modeling process, and programming. The applications module will include case studies on the practical applications of deep reinforce. learning in industry. This is a project-based course with extensive Pytorch/Tensorflow hands-on exercises. Students will also have an opportunity to improve their GitHub profile by working on projects.","Deep Reinforcement Learning, Sequential decision-making, Pytorch/Tensorflow, Project-based learning, GitHub",Graded,
7,AIPI - AI for Product Innovation,540,Deep Learning Applications,SPRING,"This course focuses on the primary use cases of deep learning to solve challenging problems particularly in the areas of computer vision, natural language processing, and recommendation systems. Students will develop an understanding of both the mathematical theory and programmatic implementation of neural networks using Python. The course includes significant hands-on team-based project work and an emphasis on self-discovery. The semester will be split into three core modules: computer vision, NLP, and recommendation systems. Each module will include lectures, assignments, a team project, and review of recent research in the field.","Deep Learning, Computer Vision, Natural Language Processing, Recommendation Systems, Neural Networks",Graded,Corequisite: AIPI 510 and 520
8,AIPI - AI for Product Innovation,560,"Legal, Societal, and Ethical Implications of AI",SU ONLY,"Deploying AI within products and services has implications well beyond the technical considerations, which often include change management of operational workflows or staffing levels, data privacy considerations, bias risks and other ethical implications, and industry-specific regulations on the use of data and models operationally. This course will introduce students to the key areas of consideration when deploying products which contain AI: 1) legal implications and industry regulation, 2) ethical considerations, and 3) change management and organizational/societal implications. Case studies will be used extensively to provide real-world examples.","AI deployment, Change Management, Data Privacy, Legal and Ethical Considerations, Case Studies",Graded,
9,AIPI - AI for Product Innovation,561,Operationalizing AI,SU ONLY,"Deploying AI in production requires consideration of factors such as online model training, scaling, integration with software/hardware products, monitoring/support, security and failure resiliency. This course introduces students via readings and real-world case studies to methods and best practices in deploying AI operationally within products and services, including both technology and support infrastructure considerations. The course will also introduce, although not go into deep technical detail on, the available technologies for working with Big Data in certain industries which require specialized infrastructure and tools due to the volume of data.","AI Scaling and Integration, Online Model Training, Big Data Technologies, Security and Resiliency, Infrastructure Considerations",Graded,
10,BME - Biomedical Engineering,535,"Biomedical Aspects of Blast and Ballistics (GE, BB)",SPRING,"Introduction to the biomechanical basis and medical consequences of human injury from blast and ballistics. Exploration of blast and ballistics injuries in both biomechanics and medicine covering the etiology and state-of-the-art analytic and biomechanical models of human injury. Evolution of medical opinion compared to contemporary knowledge of ballistics and blast. Focus on injuries to the head, neck, thorax, abdomen and extremities, and associated medical consequences, including shock, immune system response, traumatic brain injury (TBI) and posttraumatic stress disorder (PTSD). Prerequisite: Biomedical Engineering 302L, graduate standing, or consent of instructor.",Graded,Prerequisite: Biomedical Engineering 302L or graduate standing,
11,BME - Biomedical Engineering, 671L,Signal Processing and Applied Mathematics,FALL-SPRNG,"This introductory applied mathematics course for graduate students covers the basics of linear systems theory including convolutions, Fourier Series, Fourier Transforms, and Laplace Transforms with emphasis on application to biomedical systems. Students will also get a basic understanding of how to program in MATLAB as they apply the course material to process sounds, images, and other biological signals. Not open to students who have taken BME 271.",Graded,,
12,BME - Biomedical Engineering,788,Invention to Application: Healthcare Research Commercialization,FALL-SPRNG,"Interdisciplinary teams of students from engineering, medical science, business, and medicine work together to understand and evaluate the commercial potential of Duke faculty research innovations and develop a comprehensive research translation and business plan for one chosen opportunity.  Learning includes understanding technology, product development, marketing, finance, regulatory requirements, and reimbursement.  In addition to weekly lectures, students are mentored in this real world experience by a team including technology transfer experts, venture capitalists, researchers, physicians, and entrepreneurs.  Prerequisites: none.  Consent of instructor required.",Graded,,
13,BME - Biomedical Engineering, 260L,Modeling Cellular and Molecular Systems,FALL-SPRNG,"An introduction to the application of engineering models to study cellular and molecular processes. Topics covered include the conservation of mass and energy, kinetic analysis of reactions, and enzyme kinetics. Students complete projects in which they write and solve differential equations that model complex biological systems. Applications to biotechnology are discussed. Corequisite: Biomedical Engineering 244L and Mathematics 212 or 219 or 222. Prerequisite: Biology 201L or 203L; or consent of the instructor.","Engineering Models, Cellular Processes, Biotechnology, Differential Equations, Kinetic Analysis",Graded,Corequisite: Biomedical Engineering 244L and Mathematics 212 or 219 or 222. Prerequisite: Biology 201L or 203L; or consent of the instructor.
14,CEE - Civil and Environmental Egr,560,Environmental Transport Phenomena,FALL,"Principles of mathematical modeling of environmental systems. Mass balances, ideal reactor models for lakes, rivers, atmospheric systems, and population dynamics. Derivation of Navier-Stokes equations, advective diffusion equation, mass transfer and fluid dynamics. Conservation principles in the atmosphere and bodies of water, fundamental equations for transport in the atmosphere and bodies of water, scaling principles, simplification, turbulence, turbulent transport and boundary layers.","Mathematical Modeling, Environmental Systems, Navier-Stokes, Fluid Dynamics, Mass Balances",Graded,
15,CEE - Civil and Environmental Egr,311,Architectural Engineering I,FALL,"Analysis of the building through the study of its subsystems (enclosure, space, structural, environmental-control). Building materials and their principal uses in the enclosure and structural subsystems. Computer aided design. Field trips. Prerequisite: junior or senior standing, consent of instructor for nonengineering students.",Graded,Prerequisite - Engineering junior or senior standing; non-engineers need to contact department,
16,CEE - Civil and Environmental Egr, 562L,Applied Biological Principles and Processes in Environmental Engineering,SPRING,"Fundamentals of microbiology as it relates to biological environmental engineering processes. Topics include microbial metabolism, microbial kinetics and stoichiometry, and bioreactor models. Applications include unit processes in wastewater treatment, bioremediation, bioreactors, waste to bioenergy. Laboratory included. Graduate-level requirements include a term paper and/or a project. Open to graduate students; instructor consent required for undergraduates. Not open to students who have taken CEE 462L.","Microbiology, Environmental Engineering, Bioreactor Models, Wastewater Treatment, Microbial Kinetics",Graded,Open to graduate students; instructor consent required for undergraduates. Not open to students who have taken CEE 462L
17,CEE - Civil and Environmental Egr,563,Chemical Fate of Organic Compounds,FALL,"This course will review environmental organic chemistry basics with a focus on contaminant chemistry. We will discuss quantitative processes used in predicting the fate and distribution of organic chemicals in the environment with regards to equilibrium/thermodynamics and some kinetic considerations. Topics include: equilibrium partitioning among air, water, sediments and biological tissues; factors affecting bioaccumulation and biomagnification; processes influencing the ultimate fate of organic contaminants in rivers and lakes; and processes influencing global transport. Prerequisites: University-level general chemistry and organic chemistry within last four years.","Organic Chemistry, Contaminant Chemistry, Environmental Fate, Bioaccumulation, Global Transport",Graded,
18,CEE - Civil and Environmental Egr,564,Physical Chemical Processes in Environmental Engineering,SPRING,"Theory and design of fundamental and alternative physical and chemical treatment processes for pollution remediation. Reactor kinetics and hydraulics, gas transfer, adsorption, sedimentation, precipitation, coagulation/flocculation, chemical oxidation, disinfection. Prerequisites: introductory environmental engineering, chemistry, graduate standing, or permission of instructor.","Pollution Remediation, Reactor Kinetics, Gas Transfer, Chemical Treatment, Disinfection",Graded,Prerequisite: Civil and Environmental Engineering 160L or introductory Chemistry or graduate standing
19,CEE - Civil and Environmental Egr,565,Environmental Analytical Chemistry,SPRING,"This course covers the fundamentals and applications of analytical chemistry as applied to detection, identification, and quantification of anthropogenic contaminants in environmental samples including air, water, soil, sediment, and biota.  The topics include both sample preparation methods (i.e. wet chemistry) and instrumental analysis (e.g. mass spectrometry, chromatography, and optical spectroscopy).  Particular emphasis is placed on current advancements in measurement science as applied to environmental chemistry.  The material includes both theoretical and practical aspects of environmental analysis.  Prerequisite: CHEM 131 or CHEM 151L or consent of instructor.","Analytical Chemistry, Environmental Contaminants, Instrumental Analysis, Mass Spectrometry, Wet Chemistry",Graded,
20,COMPSCI - Computer Science,  92L,Technical and Social Analysis of Information and the Internet,FALL,"Study of standards, software, policy, and the impact of computing and the Internet on science and society. Analysis and creation of software and other computational and digital artifacts to solve problems in many domains using different approaches, including data mining, web-based communication, algorithmic and data-driven approaches, crowd-sourcing. Use of real-world problems in understanding evolving international standards. Analysis of tradeoffs in ethical, economic, and technical areas.","Computing Impact, Data Mining, Web Communication, Ethical Tradeoffs, Crowd-Sourcing",Graded,
21,COMPSCI - Computer Science,93,"History of Computing, Cryptography, and Robotic Devices",FALL,"Introduction to the history of many diverse devices invented for computation, cryptography, and robotics. These technologies include a wide variety of ingenious devices, including purely mechanical devices, hybrid devices, as well as purely electrical devices. The history includes many fascinating inventors including Babbage and Turing. This history begins in the Greek period and spans many historical periods, to the modern times. By use of models and simulators, students will learn the basics of the operation and programming of various historical mechanical computers, robots and cryptographic devices. Students will do projects on historical devices and/or device inventors.","Computation History, Cryptography, Mechanical Devices, Babbage and Turing, Historical Devices",Graded,
22,COMPSCI - Computer Science,94,Programming and Problem Solving,FALL-SPRNG,"Programming and problem solving in a specific domain such as robotics, virtual worlds, web programming, biology, genomics, or computer science. Students learn the basics of programming by studying problems in one application area. Not open to students who have taken Computer Science 101, 102, 116, Engineering 103 or Computer Science 201.","Domain-Specific Programming, Robotics, Web Programming, Biology and Genomics, Problem Solving",Graded,"Not open to students who have taken Computer Science 101, 102, 116, Engineering 103 or Computer Science 201"
23,COMPSCI - Computer Science, 101L,Introduction to Computer Science,FALL-SPRNG,"Introduction practices and principles of computer science and programming and their impact on and potential to change the world. Algorithmic, problem-solving, and programming techniques in domains such as art, data visualization, mathematics, natural and social sciences. Programming using high-level languages and design techniques emphasizing abstraction, encapsulation, and problem decomposition. Design, implementation, testing, and analysis of algorithms and programs. No previous programming experience required. Not open to students who have taken Computer Science 102, 116, Engineering 103 or Computer Science 201.","Computer Science Principles, Problem-Solving, Data Visualization, Algorithm Design, Programming Techniques",Graded,"Not open to students who have taken Computer Science 102, 116, Engineering 103 or Computer Science 201"
24,COMPSCI - Computer Science, 102L,Interdisciplinary Introduction to Computer Science,FALL,"Introduction to the practices and principles of computer science and programming and their impact on and potential to change the world motivated by problems drawn from natural science, social science, engineering, and humanities. Programming using Python, appropriate libraries, and APIs to process, analyze, and visualize data. Design, implementation, and analysis emphasizing abstraction, encapsulation, and problem decomposition. No previous programming experience required.","Python Programming, Data Analysis, Natural Science, Social Science, Problem Decomposition",Graded,
25,COMPSCI - Computer Science, 103L,Computing and the Brain,SPRING,Introductory programming based on problems in neuroscience. Provides foundational skills for using computers to collect and analyze neuroscience data. Study of how computational processes are implemented by information-processing entities: both brains and computers. Python programming to generate sensory stimuli and collect/analyze behavioral and neural data. Scientific and Software Engineering best practices for conducting and verifying neuroscience experiments. Not open to students who have taken Computer Science 101. Prerequisite: Neuroscience 101/Psychology 106 or Neuroscience 102/Psychology 107.,"Neuroscience Programming, Data Analysis, Python, Sensory Stimuli, Neuroscience Experiments",Graded,Pre-Req: NEUROSCI 101/PSY 106 or NEUROSCI 102/PSY 107; not open to students who have taken COMPSCI 101
26,COMPSCI - Computer Science,255,Introduction to Cyber Policy,SPRING,"Policy and technical elements of activity in cyberspace will continue to impact and shape global society. Provide a basic understanding of fundamental of cyber technologies and threats, national and international cyber policies and frameworks, and key topical issues in cyber. Students will be required to complete a written mid-term based on lectures and readings, present short classroom briefings, and engage in class discussions. The final will be a capstone written and oral presentation on a realistic cyber scenario applying knowledge from classwork and their own research. No prior skills or knowledge is required.","Cybersecurity, Cyber Policies, Threat Analysis, Cyber Technologies, Cyber Ethics",Graded,
27,COMPSCI - Computer Science,321,Graph Analysis with Matrix Computation,FALL,"Undergraduate Level. Introduction to analysis of real-world networks and generated graphs via matrix representation, connection and computation. Graphs and networks are characterized, analyzed and categorized by combinatorial, algebraic and probabilistic measures of connectivity and centrality. Probabilistic graph categories include the small-world network model, the scale-free network model as well as the traditional Erdosâ€“RÃ©nyi model. Prerequisites: Math 212 or equivalent; Math 216, 218D or 221 or equivalent; CompSci 101L or equivalent.","Network Analysis, Graph Theory, Small-World Model, Scale-Free Network, Erd?s–Rényi Model",Graded,"Prerequisite: Math 212 and (Math 216, 218D, or 221) and (Computer Science 101L or 201)"
28,COMPSCI - Computer Science, 323D,Computational Microeconomics,SPRING,"Use of computational techniques to operationalize basic concepts from economics. Expressive marketplaces: combinatorial auctions and exchanges, winner determination problem. Game theory: normal and extensive-form games, equilibrium notions, computing equilibria. Mechanism design: auction theory, automated mechanism design. Prerequisite: at least one of the following: Computer Science 230, 200-level Mathematics course, or 200-level Statistical Science course.","Economic Computation, Game Theory, Mechanism Design, Auction Theory, Equilibrium Analysis",Graded,"Prerequisite: one of the following: Computer Science 230, 200-level Mathematics course, or 200-level Statistical Science course"
29,COMPSCI - Computer Science,526,Data Science,FALL,"Data science is 'the science of planning for, acquisition, management, analysis of, and inference from data'. This course systematically covers the concepts, ideas, tools, and example applications of data science in an end-to-end manner. We emphasize data-driven thinking, data processing and analytics, and extracting actionable values from data. We focus on the interactions between data and applications, data modeling, and data processing, data analytics, and the essential algorithms and tools. Prerequisites: A statistics course (Statistics 111 or higher), data structures and algorithms (Computer Science 201), and relational databases (Computer Science216 or 316).","Data Science: Data-driven thinking, Data analytics, Actionable insights, Data processing, Algorithms and tools",Graded,"Prerequisite: Computer Science 201, and Computer Science 216 or Computer Science 316, and Statistics 111 or higher, or graduate student standing"
30,COMPSCI - Computer Science,527,Introduction to Computer Vision,SPRING,"Image formation and analysis; feature computation and tracking; image, object, and activity recognition and retrieval; 3D reconstruction from images. Prerequisites: Mathematics 221, 218 or 216; Mathematics 212; Mathematics 230 or Statistical Science 230; Computer Science 101; Computer Science 230.","Image Processing: Image analysis, Feature computation, Object recognition, 3D reconstruction, Image retrieval",Graded,
31,COMPSCI - Computer Science, 531D,Introduction to Algorithms,FALL-SPRNG,"Applications include dynamic data structures, graph algorithms, randomized algorithms. Intractability and NP completeness. Prerequisite: Computer Science 201 and 230, or equivalent.","Algorithms: Dynamic data structures, Graph algorithms, Randomized algorithms, Intractability, NP completeness",Graded,
32,COMPSCI - Computer Science,532,Design and Analysis of Algorithms,FALL,"Design and analysis of efficient algorithms. Algorithmic paradigms. Applications include sorting, searching, dynamic structures, graph algorithms, randomized algorithms. Computationally hard problems. NP completeness. Prerequisites: Computer Science 201 and 330 or equivalent.","Algorithm Design: Efficient algorithms, Algorithmic paradigms, Sorting, Searching, Computational complexity",Graded,
33,COMPSCI - Computer Science,535,Algorithmic Game Theory,FALL-SPRNG,"Study of algorithmic aspects of basic questions in microeconomics. Topics include solution concepts for games, a mechanism design, and auction theory, social choice, and resource allocation and fairness. Recommended prerequisites: Strong foundation in algorithms at the level of CompSci 330 or equivalent.","Microeconomics and Algorithms: Game theory, Mechanism design, Auction theory, Social choice, Resource allocation",Graded,
34,COMPSCI - Computer Science,550,Advanced Computer Architecture I,FALL,"Fundamental aspects of advanced computer architecture design and analysis. Topics include processor design, pipelining, superscalar, out-of-order execution, caches (memory hierarchies), virtual memory, storage systems, simulation techniques, technology trends and future challenges. Prerequisite: Computer Science 250 or Electrical and Computer Engineering 350 or equivalent.","Computer Architecture: Advanced architecture, Processor design, Memory hierarchies, Simulation techniques, Technology trends",Graded,
35,COMPSCI - Computer Science,553,Compiler Construction,SPRING,"Covers the fundamentals of compiler design. Students will develop a working compiler, writing all stages required to take source code as input and produce working assembly as output: lexical analysis, parsing, type checking, translation to intermediate representation, instruction selection, liveness analysis, and register allocation. Students are expected to have a strong programming background prior to taking this course, as writing a compiler is a significant programming task. Prerequisites: Electrical and Computer Engineering 250L or Computer Science 250 or (ECE 550D and ECE 551D).","Compiler Design: Compiler fundamentals, Lexical analysis, Parsing, Instruction selection, Register allocation",Graded,ECE 250L or COMPSCI 250 or (ECE 550 and ECE 551) or Graduate Standing
36,CYBERSEC - Cybersecurity,500,Introduction to Cybersecurity Perspectives,FALL,"Introduction to Cybersecurity Perspectives will introduce or re-acquaint the students with the cybersecurity challenges organizations face today, providing an overview of the domains, concepts and elements needed to provide the foundation for a well-performing cyber organization.","Cybersecurity Overview: Cybersecurity challenges, Domain overview, Organizational cybersecurity, Foundation concepts",Graded,
37,CYBERSEC - Cybersecurity,510,"Security Incident Detection, Response, and Resilience",FALL,"Current and emerging technologies and processes to monitor, detect and respond to security incidents in systems, networks, and clouds will be covered including automation and analytics. Best practices for developing effective incident response plans, including regulatory and legal considerations, will be studied. Also studied is how to build resilience into development, manufacturing, or other business processes in the case of an incident.","Incident Response: Security incident monitoring, Detection and response, Incident response plans, Automation and analytics, Resilience",Graded,
38,CYBERSEC - Cybersecurity,520,Applying Machine Learning to Advance Cybersecurity,SPRING,"This course is designed to provide students hands on experience with machine learning, particularly in cybersecurity applications. This course will delve into the historical, current, and future applications of this technology in broad domains, including network defense and disinformation campaigns. Students will learn about state-of-the-art techniques being deployed today in security products, as well as burgeoning research areas for future growth. Students will also be exposed to the adversarial mindset and introduced to techniques seeking to disrupt defensive machine learning applications.","Machine Learning in Cybersecurity: Machine learning, Cybersecurity applications, Network defense, Adversarial techniques, Security products",Graded,
39,CYBERSEC - Cybersecurity,521,"Cybersecurity Program Development, Operations & Analysis",SPRING,"To effectively prepare and respond to the ever-increasing and evolving cyberattacks, organizations must not only have a comprehensive plan but also execute that plan with great precision and consistency. Cybersecurity readiness is a critical and distinctive organizational competency, and this course is designed to enhance managerial awareness and capability to develop and sustain this competency.The course will provide a holistic and comprehensive insight into the different aspects of cybersecurity program management from development to administration, evaluation, and improvement of processes.","Cybersecurity Management: Cybersecurity readiness, Program management, Strategic planning, Process improvement, Managerial awareness",Graded,
40,CYBERSEC - Cybersecurity,530,Identity and Access Management,FALL-SPRNG,"This course will explore the everyday tasks and procedures that the IT security team employs to manage user and admin identities for authentication and access management. Students will learn the latest technologies and practices for multifactor authentication, single sign-on, and real-time privileges administration and what are the best practices for different use cases.","Identity Management: Authentication, Access management, Multifactor authentication, Single sign-on, Privileges administration",Graded,
41,CYBERSEC - Cybersecurity,531,The Human Element in Cybersecurity,FALL-SPRNG,"This course will examine the challenges associated with humans using, managing, and manipulating socio-technical systems with cybersecurity vulnerabilities. Technology and policy defenses and mitigations will be explored as well as societal, ethical, and legal implications of cybersecurity interventions.","Socio-Technical Cybersecurity: Human factors, Cybersecurity vulnerabilities, Policy defenses, Ethical implications, Cybersecurity interventions",Graded,
42,DANCE - Dance, 201S,Arts Entrepreneurship,SPRING,"Student teams work on specific arts-based entrepreneurial projects. Teams comprised of students from different backgrounds (arts, engineering, economics, computer science). Goals include creating business plan and launching ventures in areas of the arts. Structure an adaptation of Fuqua Program for Entrepreneurs. Ideal projects have real/positive impact on society. Students learn to situate artistic creativity within projects that meet societal need. Students from any background welcome to apply for enrollment. Must have interest in arts or working with artists in entrepreneurial context. Admission by permission of instructors.","Arts Entrepreneurship: Arts-based projects, Entrepreneurial projects, Business plans, Artistic creativity, Societal impact",Graded,
43,DANCE - Dance,202,"Arts Policy, Leadership, and Engagement",SPRING,"This community-engaged course provides an introduction to contemporary issues in US arts policy and cultural sector leadership across four broad themes: creative institutions; cultural equity and accessibility; creative placemaking/community development; and the creative economy. In addition to policy questions in these areas, we examine leadership practices in arts organizations and cultural institutions, with particular attention to the kinds of leadership the arts require in a post-2020 world. Students will work in teams on a semester-long collaborative project with an arts policy organization and experience the arts in practice through attendance at performances and exhibitions.","Arts Policy, Cultural Leadership, Creative Institutions, Cultural Equity, Creative Economy",Graded,
44,DANCE - Dance, 203A,"The Arts, Culture, and Performance of New York",FALL,"This course introduces its participants to New York though its rich artistic, cultural, and performance offerings--drawn from art, dance, film, music, literature, and theater. Visiting all five boroughs, they contemplate how the identities of New Yorkersâ€”informed by the city and by ability, class, ethnicity, gender, race, and sexualityâ€”are performed in the theater of everyday life: in parks, streets, subways, and especially the city's diverse neighborhoods and restaurants.","New York Artistic Scene, Cultural Experience, Performance Arts, Urban Identity, Creative Exploration",Graded,
45,DANCE - Dance, 205S,Advanced Dance Composition,FALL-SPRNG,"Focuses on developing your creative voice in movement and choreography. Open to dancers of any style. Continuation of the basic movement, choreographic devices and forms explored in Dance 105S. Explores the use of props, sets, lighting and costuming, and the relationship of music to dance. Choreographing and directing ensembles. Improvisation, choreographic tools, inter-disciplinary projects, site specific work, and lots of individual attention to guide students through the creative process. Prerequisite: Dance 105S.","Creative Movement, Choreography, Dance, Ensemble Direction, Improvisation",Graded,Prerequisite: Dance 105S
46,DANCE - Dance, 208S,Non-Profit Cultural Institutions,SPRING,"Non-profit cultural institutions are an integral part of arts communities at all levels: national, regional, local. Through readings, projects and service-learning, students gain overview of non-profit cultural organization formation, management, operational structures, governance challenges, board member responsibilities and situational ethics. Explores historical and present functions and social structures in which nonprofit tax-exempt organizations operate. Investigates how nonprofit cultural institutions have increasingly become a vehicle for fostering creativity in the arts and humanities. Students partner with local non-profit arts/cultural organizations to work on specific projects.","Non-Profit Cultural Institutions, Organizational Management, Situational Ethics, Creative Fostering, Service-Learning",Graded,
47,DESIGNTK - Design & Technology Innovation,590,Advanced Topics in Design and Technology Innovation,FALL-SPRNG,Opportunity for study of advanced subjects related to programs within Design and Technology Innovation tailored to fit the requirements of a small group.,"Design and Technology, Advanced Study, Innovation Programs, Tailored Curriculum",Graded,
48,ECE - Electrical & Computer Egr, 110L,Fundamentals of Electrical and Computer Engineering,FALL-SPRNG,"Students learn core ECE concepts, providing a foundation on which subsequent courses build. Concepts include techniques for analyzing linear circuits, semiconductor and photonic devices, frequency representation, filtering, combinational and sequential logic. Central to the course is an extensive design challenge that requires students to integrate knowledge across topics while honing practical design and project management skills. Course culminates in an exciting competition in which teams of robots race to overcome challenging obstacles using sensor data acquisition and processing. Prerequisite/corequisite: (Engineering 103L or Computer Science 201) and (Mathematics 112L or 22 or equivalent).","Electrical Engineering Concepts, Circuit Analysis, Robot Design, Sensor Data, Design Challenge",Graded,Prerequisite/corequisite: (Engineering 103L or Computer Science 201) and (Mathematics 112L or 22 or equivalent)
49,ECE - Electrical & Computer Egr, 230L,Introduction to Microelectronic Devices and Circuits,FALL-SPRNG,"Introduction to semiconductor materials and their corresponding electronic devices and circuits. In lab, students will perform photolithography and characterize devices and circuits. Lecture will cover: underlying physics of semiconductor materials; operation of semiconductor devices, including diodes and transistors (MOSFETs); and application of MOSFETs into digital circuits. Students will understand basic operation of semiconductor devices in a way that is foundational for the expansive semiconductor industry. Prerequisite: (Engineering 103L or Computer Science 201) and (Physics 152L or 26) and (Electrical and Computer Engineering 110L or Biomedical Engineering 253L).","Semiconductor Materials, Electronic Devices, Photolithography, MOSFETs, Circuit Operation",Graded,Prerequisite: (Engineering 103L or Computer Science 201) and (Physics 152L or 26) and (Electrical and Computer Engineering 110L or Biomedical Engineering 253L)
50,ECE - Electrical & Computer Egr, 250D,Computer Architecture,FALL-SPRNG,"Computer structure, assembly language, instruction execution, addressing techniques, and digital representation of data. Computer system organization, logic design, microprogramming, cache and memory systems, and input/output interfaces. Prerequisite: Computer Science 201.","Computer Organization, Assembly Language, System Logic Design, Memory Systems, Microprogramming",Graded,Prerequisite: Computer Science 201 or equivalent
51,ECE - Electrical & Computer Egr, 270DL,Fields and Waves: Fundamentals of Information Propagation,FALL-SPRNG,"Introduces the concept of fields - a mathematical description of physical quantities that vary from place to place (and potentially from time to time) - and explores the mathematical & physical reasons that oscillatory behavior is so ubiquitous across engineering and physics. Introduces mathematical foundations, followed by specific examples in electrical circuits, electromagnetic waves, quantum mechanics, & acoustics as well as the connection to Fourier analysis methods. Intended to facilitate subsequent study in any area involving wave phenomena, including analog & microwave circuits, electromagnetics, optics, & quantum mechanics. Prerequisite: Physics 152L, Math 212 or 219 or 222, & ECE 110L.","Fields in Physics, Oscillatory Phenomena, Fourier Analysis, Wave Mechanics, Electromagnetics",Graded,"Prerequisite: Physics 152L or 26, Mathematics 212 or 219 or 222, and ECE 110L"
52,ECE - Electrical & Computer Egr, 280L,Introduction to Signals and Systems,FALL-SPRNG,"Introduction to signals, signal properties, systems, and system properties. Time and frequency domain analysis of signals and systems. Exploration of filtering, sampling, communication systems, image processing, and other real-world applications. Laboratory projects using signal processing tools to investigate real world scenarios. Computational analysis of one and two dimensional signals and systems. Prerequisite: (Engineering 103L or Computer Science 201) and Electrical and Computer Engineering 110L.","Signal Processing, Time-Frequency Analysis, Communication Systems, Laboratory Projects, Computational Analysis",Graded,Prerequisite: (Engineering 103L or Computer Science 201) and (Electrical and Computer Engineering 110L or Biomedical Engineering 253L)
53,ECE - Electrical & Computer Egr, 280L9,Signals and Systems - Lab,FALL-SPRNG,"Continuous and discrete signal representation and classification; system classification and response; transfer functions. Fourier series; Fourier, Laplace, and z transforms. Applications to Integrated Sensing and Information Processing; networks, modulation, sampling, filtering, and digital signal processing. Laboratory projects using digital signal processing hardware and microcontrollers. Computational solutions of problems using Matlab and Maple. Prerequisite: (Engineering 103L or Computer Science 201) and (Electrical and Computer Engineering 110L or Biomedical Engineering 253L).","Signal Representation, System Response, Fourier and Laplace Transforms, Digital Signal Processing, Integrated Sensing",Unattached Labs,Prerequisite: (Engineering 103L or Computer Science 201) and (Electrical and Computer Engineering 110L or Biomedical Engineering 253L)
54,ECE - Electrical & Computer Egr,290,Special Topics in Electrical and Computer Engineering,FALL-SPRNG,Study arranged on a special electrical and computer engineering topic in which the faculty has particular interest and competence as a result of research and professional activities. Instructor consent required.,"Specialized ECE Study, Faculty Interest, Research-Based Topic, Instructor Consent",Graded,
55,DANCE - Dance,301,Arts Activism & Everyday Technology,FALL,"In the last decade, smartphones and social media have been utilized to expose societal inequity and injustice. This course explores the intersection of arts activism and digital activism, both of which sprout from a desire to effect change. In Arts Activism & Everyday Technology, students integrate their social media savvy and passion for exerting influence into a formalized generative art practice (using dance, film, photography, drama, music, visual art, creative writing, and digital media design) addressing a topical issue. Students study past and present artist-activists, research an area of interest and use their smartphones to create a culminating interdisciplinary digital exhibition.",Graded,,
56,DANCE - Dance, 302S,Writing about Performance,FALL,"Inquiry into the concept of 'performance' broadly construed--not only as it refers to 'staged' concerts or plays, but also as social ritual and as self-presentation, appropriately situated in cultural context. Writing experiments aimed at capturing the ephemeral nature of live performance, with attention to how meaning is enacted through movement, sound, lighting, rhythm, voice, emotion, and audience interaction. Regular writer's workshops and field trips to theater, dance, and musical performances. Students compose critical reviews and a research project on a performance genre, an artist's approach, or other related topic of their choosing. Prerequisite: Writing 101.",Graded,Prerequisite: WRITING 101,
57,ECE - Electrical & Computer Egr, 330L,Fundamentals of Microelectronic Devices,FALL,"Fundamentals of semiconductor device physics (semiconductor technology, dopants and carrier concentrations, carrier drift and diffusion, semiconductor equations, semiconductor device models). Principles of semiconductor device analysis (current-voltage and capacitance-voltage characteristics). Static, small-signal, and dynamic operation of semiconductor contacts, PN-junction diodes, MOS capacitors, MOS field-effect transistors (MOSFETs), and bipolar-junction transistors (BJTs). SPICE models and parameter extraction. Fabrication and electrical characterization of MOS capacitors in the Shared Materials Instrumentation Facility (SMIF). Prerequisite: ECE 230L.","Electrostatics, Magnetostatics, Electromagnetic Waves, Transmission Lines, Antenna Theory",Graded,Prerequisite : ECE 230L
58,ECE - Electrical & Computer Egr, 370D,Intermediate Electromagnetic Theory,FALL,"Fundamentals of electrostatic and magnetostatic fields, including fields in matter, and magnetostatic forces. Boundary value problems, Maxwell's Equations, and propagation of electromagnetic waves. Fundamentals and application of transmission lines, waveguides, and antennas. Prerequisite: Electrical and Computer Engineering 270DL.","Probability Theory, Random Processes, Signal Processing, Data Uncertainty, Hypothesis Testing",Graded,Prerequisite: Electrical and Computer Engineering 270DL
59,ECE - Electrical & Computer Egr,380,Introduction to Random Signals and Noise,SPRING,"Introduction to probability and random processes with example applications to processing data with uncertainty. Probability, conditional probability, discrete & continuous random variables, expected values, characteristic functions, multiple random variables. Intro to random processes, random discrete-time signals, power spectrum, autocorrelation, analysis of linear systems driven by wide-sense stationary random processes. Gaussian random processes, band limited white Gaussian noise. Intro to binary hypothesis testing, Bayesian signal detection, applications involving uncertain & random signals & noise. Prerequisite: ECE 280L, Math 212 or 219.","Probability, Random Processes, Data Uncertainty, Gaussian Processes, Bayesian Signal Detection",Graded,Prerequisite: Mathematics 212 or 219 and (Electrical & Computer Egr 280L or Biomedical Engineering 271)
60,ECE - Electrical & Computer Egr,381,Fundamentals of Digital Signal Processing,FALL,"An introduction to theory and applications of digital signal processing. Concepts, analytical tools and design techniques to process signals in digital form. Signal sampling and reconstruction, discrete-time transforms including the z-transform, discrete-time Fourier transform, and discrete Fourier transform. Discrete systems including the analysis and design of FIR and IIR filters. Introduction to applications of digital signal processing such as image processing, and optimal detection of signals in noise. Discrete system simulations using MATLAB. Prerequisite: Electrical and Computer Engineering 280L.","Digital Signal Processing, Signal Sampling, Z-Transform, FIR and IIR Filters, MATLAB",Graded,Prerequisite:  ECE 280L
61,ECE - Electrical & Computer Egr, 382L,Control of Dynamic Systems,FALL-SPRNG,"Model dynamic systems, characterize time and frequency domain response with respect to particular inputs. Characterize systems in terms of rise-time, settling-time, bandwidth. Identify the difference between stable and unstable system. Apply feedback control to modify response of dynamic systems. Develop methods of designing compensators for single-input, single-output, and multiple-input, multiple-output dynamic systems. Introduces optimal control theory, the linear quadratic regulator problem, the linear quadratic Gaussian problem. Gain a physical understanding of role of feedback control in modifying the dynamics of a system. Prerequisite: (Engineering 224L or ECE 280L) and Mathematics 216. Not open to students who have taken ECE 382.","Dynamic Systems, Feedback Control, Control Theory, System Stability, Frequency Domain Analysis",Graded,"Prerequisite: (Engineering 224L or ECE 280L) and (Mathematics 216, 218D-1, or 218D-2). Not open to students who have taken ECE 382"
62,ECE - Electrical & Computer Egr,383,Introduction to Robotics and Automation,FALL,"Fundamental notions in robotics, basic configurations of manipulator arm design, coordinate transformations, control functions, and robot programming. Applications of artificial intelligence, machine vision, force/torque, touch and other sensory subsystems. Design for automatic assembly concepts, tools, and techniques. Application of automated and robotic assembly costs, benefits, and economic justification. Selected laboratory and programming assignments. Prerequisites: ECE 280L or EGR 224L.","Robotics, Manipulator Arm Design, Machine Vision, Automatic Assembly, Sensory Subsystems",Graded,Prerequisite: Electrical and Computer Engineering 280L or Engineering 224L
63,ECE - Electrical & Computer Egr, 384LA,Sound in the Sea: Introduction to Marine Bioacoustics,FALL,"Fundamentals of marine bioacoustics with a focus on current literature and conservation issues. Topics include: introduction to acoustics; acoustic analysis methods and quantitative tools; production and recording of sound; ocean noise; propagation theory; active and passive acoustics; hearing, sound production and communication in marine organisms, potential impacts of anthropogenic noise; and regulation of marine sound. Labs will focus on methodologies used for generating, recording and analyzing marine sounds. Taught in Beaufort at Duke Marine Lab. Prerequisite: AP Biology, introductory biology, or consent of instructor; Physics 141L or 164L (or equivalent Physics courses) or consent of instructor.","Marine Bioacoustics, Acoustic Analysis, Anthropogenic Noise, Marine Conservation, Acoustics Laboratory",Graded,"Prerequisite: BIOLOGY 25L or 20 and PHY 161L, 141L or 151L"
64,ECE - Electrical & Computer Egr,420,Introduction to Quantum Engineering,FALL,"Quantum mechanics was discovered at the beginning of the 20th century and has had a profound effect on the development of modern technology. This course is about the potential for quantum technologies in the 21st century. The focus of the course this semester will be a survey of quantum computation, a field that promises to revolutionize the way we compute by using the dynamics of quantum mechanics. Topics include quantum circuits, introduction to quantum algorithms, hardware, and architectures. Prerequisite: ECE 270DL and ECE 280L and one of (Math 216, 218D-1, 218D-2, or 221). Not open to students who have taken ECE 520.","Engineering Management, Entrepreneurship, Seminar Series, Management Skills, Professional Development",Graded,"Prerequisite: ECE 270DL and ECE 280L and one of (Math 216, 218D-1, 218D-2, or 221). Not open to students who have taken ECE 520."
65,EGRMGMT - Engineering Management,501,Engineering Management Seminar,FALL-SPRNG,Current topics in applied engineering management and entrepreneurship.  Weekly seminar series.  Credit/No credit.,"Marketing High Tech, Product Development, Innovation, Technology-Intensive Marketing, Complex Supply Chains",Credit / No Credit,
66,EGRMGMT - Engineering Management,510,Marketing,FALL,"Review basic concepts in marketing; marketing of high tech products and services. Product development with short life cycles, selling into complex supply chains, building advantage through innovation, the role of the customer in high tech and technology-intensive service industries, and marketing in volatile environments.  Prerequisite: enrollment in the Master of Engineering Management Program.","Product Management, High Tech Products, Analytical Skills, Case Studies, Product Marketing",Graded,
67,EGRMGMT - Engineering Management,512,Product Management in High-Tech Companies,FALL,"Students will explore the entire product management challenge in a way that goes beyond the typical MBA product marketing and brand management course with emphasis on managing products & services in a high tech environment. The course provides an in-depth exposure to the analyses, decisions, and implementation issues relevant to a typical product manager in a high tech company and prepares students for their first industry product management opportunity. This course is the first step in developing the set of skills needed for a successful product manager utilizing a mix of individual and team-based assignments, case analysis and presentations, computer simulations and projects.","Product Development Process, Innovation Management, Market Strategy, Development Phases, Execution Factors",Graded,
68,EGRMGMT - Engineering Management,513,Product Development,SPRING,"This course aims to build students' understanding about the product or service development process and the factors influencing its execution. The transformation of an innovative idea into a product or service involves several phases â€” discovery, definition, development, demonstration, qualification, deployment and life cycle management â€” as well as balancing the external factors that impact these phases, depending on the unique product or service. Adequate management of these factors enables the development process to be executed on time and on budget while meeting customer needs and stakeholder expectations.","Negotiations, Consultative Selling, Communication Skills, Value Creation, Influence and Persuasion",Graded,
69,EGRMGMT - Engineering Management,514,Negotiations and Consultative Selling in Technology,SPRING,"Skills in negotiations and consultative selling are required. From making a decision that affects internal operations, presenting a proposal to one's boss, or closing a sale with a major client, it is vital to have a strong set of skills to achieve our objectives. Focusing on two primary areas of influence and communication within businessâ€”negotiations and consultative selling (working collaboratively with others to effectively meet customer needs), this course covers the structured processes, theoretical constructs, and practical applications required to understand a complex situation and develop the negotiation or sales process most needed for value creation and goal attainment.","Operations Management, Process Planning, Functional Area Interface, Operations Issues, Problem Resolution",Graded,
70,EGRMGMT - Engineering Management,562,Operations Management,FALL,"Operations management involves planning and controlling the processes used to produce the goods and services provided by an organization.  In essence, it is the management of all activities related to doing the actual work of the organization.  Managing these processes can be quite challenging - they are often very complex, and can involve large numbers of people and facilities, huge volumes of materials and great distance.  Objectives of the course are to: i) Introduce students to the functional area of operations and to increase their awareness of how a firm's operations interface with the other functional areas of the organization, ii) Familiarize students with the various issues and problems that traditionally arise in the management of operations within both manufacturing and service organizations, iii) Acquaint students with some of the terminology, modeling, and methodologies that often arise in the handling and resolution of operations issues and problem.","Supply Chain Design, Decision Maker Alignment, Supply Chain Performance, Modeling Skills, Supply Chain Analysis",Graded,
71,EGRMGMT - Engineering Management,563,Supply Chain Management,SPRING,"The objectives of this course are to develop conceptual and modeling skills for the student and provide practical problem-solving tools, applicable to the design and analysis of supply chains. Students will also identify how the existence of multiple (distinct) decision makers in the supply chain can create misaligned incentives that harm supply chain performance and then learn how to mitigate this problem. Examples will include technology supply chains, and supply chains for innovative products. The course will balance modeling/quantitative problem solving with conceptual frameworks. Prerequisite: Enrollment in the Master of Engineering Management Program or permission of instructor.","Managing Innovation, Organizational Culture, Strategy Development, Innovation Processes, Technology Management",Graded,
72,EGRMGMT - Engineering Management,572,Innovation Management in Technology-Based Organizations,SPRING,"This course takes students through a variety of issues related to managing innovation in the context of a technology-based organization. This includes managing know-how and innovation processes as well as creating an organizational culture that fosters and supports innovation. Students study best practices and benchmarks but must develop their own approach to managing innovation given each unique situation, including the organizational strategy, the competitive landscape, the strengths/weaknesses of the employees involved, etc. Nonetheless, there are accepted practices and concepts that will help guide students in developing a deeper understanding of this area.","Idea Commercialization, Value Extraction, Innovation Strategies, Licensing, Product Development",Graded,
73,EGRMGMT - Engineering Management,574,Commercializing Technology Innovations: Turning Visions into Value,FALL,"This course is designed to demystify and unify the journey from idea creation to value extraction through the use of concrete tools and real-world exercise. Innovations have many sources (e.g., individuals, companies, universities, governments) and many vehicles for commercialization (e.g., licensing, new products, enhanced products, and new ventures). Through this course, students will learn to think more broadly about innovation and commercialization options and strategies. Prerequisite: enrollment in the Master of Engineering Management Program.","Software Product Quality, Business Personas, Industry Practices, Customer Experience, Software Life Cycle",Graded,
74,EGRMGMT - Engineering Management,575,Software Quality Management,FALL,"This class is designed to help students understand what it takes to build software products and services that meet customer quality expectations from day one. It introduces students to five different business personas that play a key role in the software life cycle: customer, software engineer, software release/quality manager, customer support engineer, and general manager. For each of these players, it reviews what they do and what is most critical to quality. The class also provides exposure to current industry practices, case studies, data analysis and guest speakers who can describe 'what a day in the life' of each of these personas looks like.","Design Thinking, User Experience, Agile Development, Prototyping, Lean Startup",Graded,
75,EGRMGMT - Engineering Management,576,Design Thinking and Innovation,FALL,"Success of established companies and entrepreneurial ventures depends on their ability to identify customer needs and develop products and services to meet these needs effectively. A disciplined design thinking process leads to successful innovations, particularly with regard to value creation and market impact. Starting with an understanding of empathy, ethnography, and interviewing, moving on to the iterative process of defining, ideating, prototyping, and testing, and then developing final designs, this course allows students to develop a deep set of skills in design thinking and innovation and includes current approaches such as agile development, biodesign, and lean startup.","Customer Experience, User Design, Real-time Data, Python Data Science, Customer Success Model",Graded,
76,EGRMGMT - Engineering Management,578,Designing Customer Experiences in Technology,FALL,"Increasingly, the quality of a business's 'user experience' offerings provide the key to securing loyal customer relationships and sustainable market differentiation. Students are introduced to foundational design techniques and use case study discussions, readings, and hands-on projects to form a framework and 'personal toolkit' for designing compelling customer experiences. In addition, students flesh out this framework through project-based assignments and presentations applying the principles of design thinking, human factors, design for usability, and interaction design to analyze, create, and present effective customer experience solutions.","User Experience, Customer Relationships, Design Techniques, Customer Experience Solutions, Design Thinking",Graded,
77,EGRMGMT - Engineering Management,579,Using Real-Time Data to Improve Customer Quality Experience,FALL,"This class is designed to help students understand what it takes to improve customer experience using data. Emphasis is placed on the collection and use of real-time data for transforming customer experience. Key topics covered include the customer experience life cycle, data management and types, data collection infrastructure, use of metrics to create insights, using python for data science, creation of machine learning algorithms to predict customer impacting events and using data to support the customer success business model. Finally, the class provides exposure to current industry practices, case studies, a comprehensive final project and industry guest speakers.","Data-Driven Customer Experience, Real-time Data, Machine Learning Algorithms, Customer Success, Python Data Science",Graded,
78,ENVIRON - Environment, 504A,Marine Protected Area Monitoring and Management,SPRING,"An interdisciplinary course that addresses concepts, issues, and approaches relevant to marine protected areas (MPAs) and their impacts on marine ecosystems and coastal people. Course will address key topics on MPA design, implementation, management, monitoring, and evaluation. Attention will be given to sensitive marine ecosystems (e.g. coral reefs) and resource-dependent fishing and tourism communities. Using real world case studies, students will apply introduced concepts and quantitative approaches to questions on MPA monitoring and evaluating their impacts. Students will engage with the course material primarily through group discussions, problem sets, and lectures. Taught in Beaufort at Duke Marine Lab.","Marine Protected Areas, Marine Ecosystems, Conservation, Resource Management, Coastal Communities",Graded,
79,ENVIRON - Environment,505,Functional Ecology of Plants,FALL,"This course is designed for graduate and undergraduate students with interest in plant functional ecology. We explore how (woody) plants function and respond to changing climate. We focus on plant functional traits (e.g., leaf properties, wood density, maximum height) and the main tradeoffs controlling plant form and function in various environments.","Plant Functional Ecology, Climate Response, Plant Traits, Environmental Adaptation, Ecological Tradeoffs",Graded,
80,ENVIRON - Environment,506,Environmental Justice: Theory and Practice for Environmental Scientists and Policy Professionals,FALL-SPRNG,"Examination of concepts related to theory and practice of environmental justice including: data and analytics used by researchers, decision-makers and other parties; concepts related to meaningful engagement with special attention to American Indian tribes and Indigenous peoples; and broader perspectives on environmental justice related to climate change, cumulative impacts, and other topics. Investigate recent case studies involving food, energy, water, and climate through readings, guest speakers, and classroom discussion. Required field trip.","Environmental Justice, Data Analytics, Indigenous Engagement, Climate Change, Case Studies",Graded,
81,ENVIRON - Environment, 512A,Deep-Sea Science and Environmental Management,SPRING,"Explores ecosystems in the deep sea, including fundamental aspects of geology, chemistry, and biodiversity; behavioral, physiological, and biochemical adaptations of organisms (primarily invertebrate, but may include microbial and vertebrate components) to deep-sea benthic and bentho-pelagic environments will be introduced. Students will gain an understanding of the ecosystem services of the deep sea; issues in deep-sea environmental management arising from exploitation of deep-sea resources will be discussed. Taught in Beaufort at Duke Marine Lab.","Deep Sea Ecosystems, Marine Biodiversity, Deep-Sea Adaptations, Environmental Management, Marine Conservation",Graded,
82,ENVIRON - Environment,516,Global Change Biology: From Molecules to Organisms,FALL-SPRNG,"The course provides students with a foundational understanding of organismal response at the cellular and molecular level to changes in the environment due to climate change and pollution. Increased emissions of greenhouse gases and continuous release of other anthropogenic chemical pollutants are profoundly impacting organismal health. Are some species more vulnerable? What molecular and biochemical toolkits are needed to withstand rapid environmental changes? Discussion will focus on the physiological stress resulting from and the adaptive responses made to changes in temperature, salinity, dissolved oxygen and ocean acidity combined with various chemical stressors in a range of species. Prerequisites in organic chemistry and biology strongly recommended.","Organismal Response, Climate Change, Pollution Impact, Molecular Adaptations, Environmental Stress",Graded,
83,ENVIRON - Environment,517,Tropical Ecology,SPRING,"Ecosystem, community, and population ecology of tropical plants and animals with application to conservation and sustainable development. Prerequisite: a course in general ecology.","Tropical Ecology, Conservation, Sustainable Development, Ecological Principles, Tropical Ecosystems",Graded,
84,ENVIRON - Environment,520,Resource & Environmental Economics I,FALL,"Part 1 of a survey course in environmental and natural resource economics. Part 1 focuses on basic theory and methods of economic analysis of environmental problems including benefit-cost analysis, non-market valuation, and instrument choice. Open only to graduate students. Recommended prerequisite: Introductory course in microeconomics and one semester of calculus.","Environmental Economics, Economic Analysis, Benefit-Cost Analysis, Non-market Valuation, Environmental Policy",Graded,Reserved Grad and Prof Only - No Undergraduates
85,GAMEDSGN - Game Design and Development,520,Fundamentals of Game Development,FALL,"Students learn fundamentals of development in a modern game engine (e.g., Unreal Engine). Students learn about 3D graphics concepts such as geometry, lighting, and materials, and translate those concepts into scene creation in the game engine. Students learn and apply other important game concepts like audio, physics, user interface creation, and interaction between game objects and the player.","Game Engine Development, 3D Graphics, Game Design, User Interface, Unreal Engine",Graded,
86,GAMEDSGN - Game Design and Development,530,Critical Analysis of Video Games,FALL,"Students learn about the history of games, the psychology of user engagement, the representation of different groups in games, user interface/user experience (UI/UX), how games are monetized, the different career options in the gaming industry and the connection of audio/visual elements to the narrative structure. Students analyze existing games in the framework of the topics discussed in class.","Game History, User Engagement, Game Monetization, Narrative Structure, Game Analysis",Graded,
87,I&E - Innovation & Entrepreneurship,511,Designing Ethical Tech,FALL,"Digital technology is not power-neutral; designed by humans, technological devices and systems are encoded with conscious and unconscious biases. In this learner-centered, problem-focused, and project-based course, students will investigate the relationship between how technology is designed and the impact a design has on reinforcingâ€“and sometimes subvertingâ€“oppressive power structures in society such as racism and sexism. Students will learn about open design, an equity-centered innovation methodology, and, working in teams, apply it to create a prototype that addresses the problem of unethical technology development.","Technological Bias, Open Design, Ethical Technology, Social Impact, Project-based Learning",Graded,
88,I&E - Innovation & Entrepreneurship,579,Climate Tech Startups and Investors,SPRING,"This course provides an overview of business development in the rapidly growing climate tech sector. Through 'in the trenches' input from guest speakers (founders and investors across the U.S.) and assignments, students will learn about the climate tech landscape and become more fluent with certain business skills and tools, such as (1) market sizing, (2) investor databases, (3) competitor analysis, (4) productivity techniques, and (5) term sheets.","Climate Tech Sector, Business Development, Market Analysis, Investor Engagement, Startup Strategy",Graded,
89,I&E - Innovation & Entrepreneurship,710,Research and Technology Translation,SPRING,"Students will study the processes, factors, and strategic decisions involved in bringing a technology from the lab or research center to market â€“ often described as 'technology commercialization' or 'technology translation.' We will examine how technologies are conceived and evaluated, the conditions enabling commercialization of the technology, factors to consider for a go-to-market strategy, and how markets, customers, and funding drive strategic choices in the path towards technology commercialization. Intellectual property, regulatory considerations, financing structures, factors in licensing/startup decisions, and assessing market needs and competitive landscape will also be included.","Technology Commercialization, Market Strategy, Intellectual Property, Go-to-Market Strategy, Technology Evaluation",Graded,
90,I&E - Innovation & Entrepreneurship,745,Narrative Design,SPRING,"Students will learn to communicate why others should value their ideas and innovations, using both verbal and non-verbal elements. The first weeks of the seminar series will focus on common principles of storytelling and the ways in which stories have, historically, been the cornerstone of disseminating new ideas and information as far back as Homeric epic to as recently as Instagram and TikTok. Students will spend the remainder of the time in small groups to practice communication and design by creating and workshopping a variety of narrative materials (e.g. essay, podcast, video, presentation, etc.) related to their primary work or scholarship in another discipline.","Storytelling, Communication Design, Narrative Materials, Idea Dissemination, Verbal and Non-verbal Communication",Credit / No Credit,
91,I&E - Innovation & Entrepreneurship,748,New Ventures Discover,FALL-SPRNG,"This course is designed to lead you to a eureka moment by teaching you how to explore the world around you for problems worth solving. Instead of jumping directly into problem solving and solution developmentâ€”which can often be wasteful without a clear understanding of a given market and customer needâ€”this course focuses on research, exploration, and discovery. It asks students to set aside pre-conceived notions, avoiding some of their own blind spots, in order to do the necessary work of collecting data about market and learning to assess it as objectively as possible. This course is ideal for anyone who wants to excel at finding white space for new innovation and entrepreneurial action.","Problem Discovery, Market Research, Innovation Exploration, Entrepreneurial Mindset, Market Assessment",Graded,
92,I&E - Innovation & Entrepreneurship,750,New Ventures Develop,FALL-SPRNG,"Do you want to design a business model around either your own idea or someone else's problem? In New Ventures Develop you'll learn to assess opportunities, develop and test business models, understand your financials, and build successful teams. If you've validated an idea through New Ventures Discover or through your independent customer discovery process, New Ventures Develop can facilitate idea to action. In this course, student teams will develop core elements of a strategy for a technology or business idea; detail will be suitable for a business plan document for a company seeking initial investment; strategy will serve as a foundation for a first operating plan for company.","Business Model Development, Strategy Assessment, Financial Understanding, Team Building, Business Planning",Graded,
93,I&E - Innovation & Entrepreneurship,752,New Ventures Deliver,FALL-SPRNG,"Did your idea pass muster in New Ventures Develop? Do you have early revenue or evidence of product market fit and want to continue to refine your go to market strategy? New Ventures Deliver is the ideal course for serious entrepreneurs ready to push themselves to take the leap. In this course you will continue to test core hypothesis while you develop a milestone driven plan for go-to-market, sales, staffing, and fundraising.","Business Strategy Refinement, Go-to-Market Plan, Milestone Planning, Entrepreneurial Action, Market Fit",Graded,
94,I&E - Innovation & Entrepreneurship,835,Innovations in Drug Development,SPRING,"Introduction to major issues in developing a drug to treat a disease in an interdisciplinary lecture-based and team-based learning environment. Translation of principles in biomedical sciences, biomedical engineering, and chemistry along with innovative approaches to develop a hypothetical drug for treating a disease of choice. Hypothetical development of model compounds, target analysis, and in vitro and in vivo models to test drug efficacy. Course requires one of the following (or equivalent): Pharmacology and Cancer Biology 533, Chemistry 518, or Biomedical Engineering 577.","Drug Development, Biomedical Sciences, Medicinal Chemistry, Drug Efficacy, Team-based Learning",Graded,
